Country,Data source,Sector,Gas,Unit,2019,2018,2017,2016,2015,2014,2013,2012,2011,2010,2009,2008,2007,2006,2005,2004,2003,2002,2001,2000,1999,1998,1997,1996,1995,1994,1993,1992,1991,1990
Afghanistan,Climate Watch,Total including LUCF,All GHG,MtCO₂e,28.79,27.84,26.68,27.05,26.84,26.52,26.77,28.55,29.17,27.24,22.75,20.66,17.26,16.87,16.35,15.44,15.65,15.01,12.37,11.5,13.28,12.4,11.58,10.61,9.58,9.15,9.11,9.03,9.81,9.58
Albania,Climate Watch,Total including LUCF,All GHG,MtCO₂e,8.77,9.22,9.42,8.85,8.38,8.52,8.09,8.04,8.49,7.78,7.52,7.48,7.75,7.73,7.83,8.05,7.97,7.63,7.0,8.4,8.02,6.81,6.58,7.29,7.58,7.74,6.92,6.95,8.96,11.3
Algeria,Climate Watch,Total including LUCF,All GHG,MtCO₂e,282.23,278.23,269.38,265.6,262.52,252.91,239.46,234.99,215.21,207.48,204.28,202.05,196.61,193.51,185.65,178.19,175.3,162.66,156.9,163.6,154.61,149.15,146.88,146.97,143.9,136.96,135.01,126.53,125.57,121.4
Andorra,Climate Watch,Total including LUCF,All GHG,MtCO₂e,0.63,0.62,0.59,0.59,0.58,0.57,0.59,0.6,0.6,0.63,0.62,0.64,0.64,0.64,0.66,0.64,0.61,0.6,0.59,0.59,0.57,0.54,0.51,0.49,0.46,0.44,0.44,0.43,0.43,0.43
Angola,Climate Watch,Total including LUCF,All GHG,MtCO₂e,128.29,120.1,131.15,133.52,135.83,129.91,128.1,125.68,126.65,126.96,122.45,119.98,117.2,112.77,114.87,114.61,111.59,105.16,101.52,81.34,87.51,89.91,80.52,81.52,76.32,73.16,70.27,67.29,66.59,66.16
Antigua and Barbuda,Climate Watch,Total including LUCF,All GHG,MtCO₂e,1.22,1.19,1.15,1.12,1.09,1.06,1.05,1.26,1.09,1.03,1.92,0.96,0.91,0.85,0.78,0.75,0.74,0.7,0.64,0.6,0.58,0.56,0.51,0.48,0.45,0.43,0.42,0.45,0.37,0.35
Argentina,Climate Watch,Total including LUCF,All GHG,MtCO₂e,398.91,404.95,407.58,403.23,435.81,428.81,431.0,421.2,416.09,434.83,429.32,449.64,445.1,432.56,418.09,414.15,397.87,375.63,379.26,337.38,337.78,330.05,324.7,319.3,308.14,305.55,302.16,301.59,297.07,292.65
Armenia,Climate Watch,Total including LUCF,All GHG,MtCO₂e,10.0,9.48,9.29,9.45,9.08,9.05,9.06,9.12,8.13,7.69,7.87,9.01,8.49,7.84,7.44,6.72,6.32,5.9,6.23,6.12,5.75,6.25,6.32,5.71,6.77,6.16,8.72,14.95,25.14,24.54
Australia,Climate Watch,Total including LUCF,All GHG,MtCO₂e,608.49,621.28,626.56,578.39,568.87,569.98,554.25,639.63,639.95,596.36,626.33,608.78,637.94,638.32,590.44,627.56,576.25,652.95,656.39,650.73,632.75,593.84,566.85,557.47,557.98,550.17,544.2,542.04,541.38,541.39
Austria,Climate Watch,Total including LUCF,All GHG,MtCO₂e,69.8,68.32,71.53,69.6,69.27,68.08,71.8,71.26,74.46,77.34,71.55,78.46,78.89,81.93,84.19,84.11,83.28,78.17,76.84,65.18,65.0,66.81,66.81,67.86,64.08,61.6,61.53,61.6,67.42,63.14
Azerbaijan,Climate Watch,Total including LUCF,All GHG,MtCO₂e,52.89,49.78,48.33,48.94,47.67,47.78,46.41,45.2,41.99,40.21,41.32,45.83,41.48,42.9,41.06,38.26,38.13,35.44,35.38,36.18,34.44,34.23,33.83,34.33,39.91,40.79,60.12,80.74,71.66,74.1
Bahamas,Climate Watch,Total including LUCF,All GHG,MtCO₂e,3.18,3.13,2.57,2.39,2.53,2.83,3.17,3.85,2.92,2.37,6.47,2.52,2.38,2.37,2.38,2.54,2.6,2.63,2.44,2.56,2.63,2.67,2.15,2.35,2.43,2.29,2.32,2.79,2.26,2.18
Bahrain,Climate Watch,Total including LUCF,All GHG,MtCO₂e,54.41,51.15,50.24,49.34,48.87,48.03,45.92,43.13,41.5,40.81,38.84,38.3,35.79,34.58,32.09,28.8,28.55,27.48,26.28,25.44,24.36,23.76,22.0,20.99,19.74,19.03,18.56,17.55,15.35,15.73
Bangladesh,Climate Watch,Total including LUCF,All GHG,MtCO₂e,237.7,229.78,224.83,215.72,214.1,203.97,199.0,194.92,191.01,185.71,177.67,173.48,164.71,161.72,155.64,150.67,148.74,146.8,143.29,137.75,135.4,131.28,131.37,129.12,128.57,123.37,120.75,119.3,117.15,116.94
Barbados,Climate Watch,Total including LUCF,All GHG,MtCO₂e,3.79,3.76,3.69,3.78,3.74,3.73,3.89,4.55,4.17,3.94,7.0,4.15,3.84,3.81,3.75,3.71,3.72,3.7,3.65,3.59,3.64,3.59,3.48,3.37,3.36,3.3,3.23,3.38,3.14,3.11
Belarus,Climate Watch,Total including LUCF,All GHG,MtCO₂e,65.33,66.75,63.93,62.55,68.34,72.93,73.72,73.25,71.69,65.99,61.37,64.35,60.22,61.51,58.28,57.44,53.62,52.53,53.02,46.39,49.01,51.33,53.33,52.92,52.1,60.13,73.3,86.09,99.71,104.75
Belgium,Climate Watch,Total including LUCF,All GHG,MtCO₂e,108.22,109.22,108.47,110.54,109.06,104.15,110.53,109.55,110.77,121.73,114.16,121.13,118.87,123.54,126.54,130.29,131.74,128.35,135.68,134.25,134.22,138.07,135.31,138.49,133.14,132.98,127.62,129.82,131.77,126.86
Belize,Climate Watch,Total including LUCF,All GHG,MtCO₂e,6.85,6.74,6.81,6.75,6.99,6.76,6.87,6.89,7.22,4.57,5.41,4.38,4.42,4.23,4.19,4.06,4.47,4.24,4.13,7.39,8.4,9.56,10.54,11.53,12.69,13.78,13.68,13.61,13.39,13.18
Benin,Climate Watch,Total including LUCF,All GHG,MtCO₂e,25.78,25.83,24.72,24.54,22.84,22.41,21.89,21.25,21.29,21.19,20.79,20.15,20.43,19.72,19.52,18.34,18.26,18.35,17.3,22.8,22.66,22.85,21.82,21.46,20.03,20.24,19.97,19.92,19.84,19.74
Bhutan,Climate Watch,Total including LUCF,All GHG,MtCO₂e,0.36,0.37,0.3,0.26,0.11,0.06,0.03,0.06,-0.04,-5.49,-5.61,-5.68,-5.51,-5.58,-5.57,-5.68,-5.73,-5.74,-5.75,-5.7,-5.64,-5.7,-5.72,-5.71,-5.72,-5.8,-5.81,-5.82,-5.78,-5.82
Bolivia,Climate Watch,Total including LUCF,All GHG,MtCO₂e,138.72,129.59,129.2,130.37,119.65,116.72,115.92,115.3,114.44,125.46,103.65,105.2,109.88,104.81,102.69,106.63,93.95,96.39,90.52,111.04,120.36,114.65,114.73,112.28,111.42,112.83,113.6,114.91,114.11,112.97
Bosnia and Herzegovina,Climate Watch,Total including LUCF,All GHG,MtCO₂e,24.5,26.01,26.0,25.73,21.17,20.95,23.47,23.69,25.48,26.41,26.38,26.13,24.2,23.05,21.15,20.46,19.39,18.86,18.71,22.05,18.27,18.31,15.49,10.58,9.55,9.64,20.07,23.49,30.81,33.53
Botswana,Climate Watch,Total including LUCF,All GHG,MtCO₂e,52.34,54.01,56.22,52.43,53.52,54.09,55.38,54.43,67.14,62.29,51.86,60.95,52.21,53.96,52.14,50.73,50.12,57.23,56.89,55.06,55.37,55.38,55.66,56.11,54.76,53.86,53.63,53.97,53.74,54.33
Brazil,Climate Watch,Total including LUCF,All GHG,MtCO₂e,1451.63,1434.51,1475.82,1455.86,1366.89,1384.99,1344.89,1319.48,1276.46,2109.66,2009.23,2036.17,2032.89,1998.22,2006.42,1993.39,1946.72,1932.79,1897.8,1809.18,1807.27,1796.63,1761.29,1729.84,1724.55,1697.94,1681.12,1669.79,1659.83,1638.68
Brunei,Climate Watch,Total including LUCF,All GHG,MtCO₂e,9.63,10.14,9.83,9.42,8.77,9.56,9.58,9.8,9.83,10.49,11.2,11.4,10.54,11.03,8.32,8.47,9.02,7.87,7.91,7.96,7.54,11.83,8.49,7.87,7.9,7.51,7.22,6.8,6.51,6.3
Bulgaria,Climate Watch,Total including LUCF,All GHG,MtCO₂e,17.48,19.42,22.63,20.39,45.14,42.43,39.85,45.0,50.74,33.41,31.76,39.25,41.66,37.46,37.51,37.52,38.77,33.91,36.59,36.03,36.57,43.39,46.97,50.06,49.49,48.27,52.22,53.66,59.48,76.47
Burkina Faso,Climate Watch,Total including LUCF,All GHG,MtCO₂e,56.31,55.25,54.46,53.52,33.91,33.02,32.52,31.57,30.86,40.94,39.35,38.66,37.77,37.13,37.17,36.53,35.99,32.54,31.84,29.92,28.58,28.69,27.83,27.27,27.34,26.96,26.5,26.25,25.96,25.52
Burundi,Climate Watch,Total including LUCF,All GHG,MtCO₂e,8.04,8.35,8.11,7.5,2.21,2.18,2.2,1.79,1.71,6.43,6.08,5.94,5.81,5.74,5.59,5.52,5.47,5.48,5.49,7.61,7.56,7.45,7.41,7.34,7.31,7.14,7.24,7.26,7.26,7.2
Cambodia,Climate Watch,Total including LUCF,All GHG,MtCO₂e,71.77,70.41,69.86,67.5,100.83,98.65,98.19,98.06,99.81,35.74,36.69,35.17,35.34,34.34,30.9,32.48,31.67,29.25,26.9,26.37,28.03,28.44,24.92,23.59,27.34,24.7,25.87,25.06,24.53,24.83
Cameroon,Climate Watch,Total including LUCF,All GHG,MtCO₂e,124.79,124.2,123.47,123.63,122.13,120.69,119.88,118.11,117.84,126.0,125.44,125.57,125.17,124.49,126.91,124.41,127.33,124.44,124.45,138.76,137.23,138.27,134.42,133.83,132.57,132.54,79.22,81.53,81.74,73.61
Canada,Climate Watch,Total including LUCF,All GHG,MtCO₂e,774.29,776.5,757.38,740.67,841.22,842.14,834.47,822.51,821.99,971.61,954.58,989.56,1014.19,980.87,992.1,977.9,981.22,959.31,938.32,712.83,695.27,696.18,679.96,668.42,646.48,631.24,613.16,617.15,602.81,606.91
Cape Verde,Climate Watch,Total including LUCF,All GHG,MtCO₂e,0.75,0.71,0.68,0.66,0.61,0.61,0.61,0.63,0.66,0.67,0.64,0.59,0.57,0.61,0.55,0.45,0.41,0.38,0.34,-0.14,-0.16,-0.19,-0.22,-0.23,-0.21,-0.25,-0.23,-0.24,-0.27,-0.29
CÃ´te d'Ivoire,Climate Watch,Total including LUCF,All GHG,MtCO₂e,51.51,50.74,51.0,50.65,49.29,48.52,48.61,47.15,45.5,45.83,46.14,47.58,48.0,48.52,49.6,48.33,49.94,52.64,52.27,87.08,87.08,84.88,84.08,82.32,81.5,80.58,77.75,75.07,72.44,69.72
Central African Republic,Climate Watch,Total including LUCF,All GHG,MtCO₂e,46.58,53.3,53.24,58.03,50.84,48.84,51.71,53.08,57.77,55.27,47.78,58.52,58.82,56.57,57.62,51.24,62.24,48.19,52.36,44.24,43.02,46.75,41.55,38.25,49.61,49.48,46.98,46.94,46.89,46.57
Chad,Climate Watch,Total including LUCF,All GHG,MtCO₂e,105.68,103.21,98.71,97.2,95.01,89.57,86.98,85.0,81.2,69.51,65.41,64.78,64.0,61.49,59.88,58.06,54.46,54.85,50.59,46.59,46.5,44.67,40.11,38.41,35.21,34.18,33.21,32.21,31.33,24.92
Chile,Climate Watch,Total including LUCF,All GHG,MtCO₂e,55.33,49.87,50.93,48.81,21.32,15.25,22.52,19.32,16.91,55.63,50.5,53.01,48.15,40.41,39.17,38.52,33.16,32.43,31.74,52.66,56.63,53.75,52.71,45.49,39.0,35.1,31.09,28.54,27.04,28.09
China,Climate Watch,Total including LUCF,All GHG,MtCO₂e,12055.41,11821.66,11385.48,11151.31,11108.86,11228.48,11168.26,10675.66,10388.48,9887.06,9055.11,8480.5,8224.19,7614.35,6934.85,6172.83,5387.28,4736.95,4430.04,4221.08,4028.58,4095.97,3977.65,3982.11,3960.71,3557.37,3397.8,3168.05,3039.15,2891.73
Colombia,Climate Watch,Total including LUCF,All GHG,MtCO₂e,270.53,265.37,256.46,261.48,232.02,231.15,227.54,220.55,221.67,241.74,236.79,233.16,232.47,227.02,225.83,224.14,222.3,220.54,222.44,232.98,228.8,240.31,238.3,232.29,232.18,228.11,225.6,220.74,217.62,216.21
Comoros,Climate Watch,Total including LUCF,All GHG,MtCO₂e,0.7,0.68,0.65,0.58,0.54,0.52,0.53,0.5,0.48,0.48,0.44,0.41,0.38,0.46,0.45,0.42,0.41,0.39,0.38,0.36,0.38,0.37,0.36,0.35,0.35,0.34,0.34,0.33,0.32,0.32
Cook Islands,Climate Watch,Total including LUCF,All GHG,MtCO₂e,0.1,0.1,0.1,0.09,0.08,0.09,0.09,0.09,0.09,0.08,0.07,0.08,0.08,0.08,0.08,0.07,0.06,0.06,0.06,0.05,0.05,0.05,0.05,0.05,0.04,0.04,0.04,0.03,0.03,0.03
Costa Rica,Climate Watch,Total including LUCF,All GHG,MtCO₂e,8.48,8.48,8.2,8.0,7.08,7.18,7.18,6.68,6.69,12.8,12.69,13.12,12.98,11.57,11.24,10.71,10.7,10.33,10.32,12.93,13.07,13.28,12.55,12.5,12.53,12.94,12.52,12.44,11.3,11.0
Croatia,Climate Watch,Total including LUCF,All GHG,MtCO₂e,17.92,17.87,18.98,18.33,21.11,20.5,21.3,22.4,24.39,25.32,25.88,28.44,29.26,27.74,27.02,27.08,27.36,26.25,25.2,24.38,25.33,25.81,25.4,23.79,24.63,23.32,23.24,22.39,21.39,27.73
Cuba,Climate Watch,Total including LUCF,All GHG,MtCO₂e,38.19,39.24,38.78,40.1,32.51,30.52,32.51,32.14,31.13,33.5,32.5,31.71,32.34,31.29,30.27,30.21,30.83,31.69,32.83,33.23,32.82,32.29,32.73,30.5,27.81,26.66,25.23,28.66,34.83,44.02
Cyprus,Climate Watch,Total including LUCF,All GHG,MtCO₂e,8.29,8.31,8.49,8.35,7.9,7.82,7.42,8.13,8.64,8.95,9.27,9.45,9.23,8.9,8.76,8.65,8.71,8.04,7.81,8.09,7.82,7.54,7.21,7.13,6.74,6.85,6.6,6.33,5.9,5.37
Czech Republic,Climate Watch,Total including LUCF,All GHG,MtCO₂e,110.77,115.4,116.77,117.17,116.83,114.51,117.91,123.67,126.35,125.8,124.37,131.99,137.03,134.07,133.07,136.14,135.6,131.25,136.86,134.66,123.83,131.91,138.51,140.99,139.39,139.45,146.75,151.4,155.82,172.53
Democratic Republic of the Congo,Climate Watch,Total including LUCF,All GHG,MtCO₂e,679.57,676.86,682.01,680.03,679.91,677.77,677.01,673.04,676.09,442.37,439.95,440.32,436.22,442.84,440.48,440.11,437.1,429.83,417.58,425.81,429.55,437.45,435.55,428.89,432.58,432.52,431.04,429.54,429.39,430.77
Denmark,Climate Watch,Total including LUCF,All GHG,MtCO₂e,44.06,47.43,47.97,50.28,45.93,47.94,52.12,50.7,55.79,63.14,62.86,65.75,69.27,74.05,66.32,70.04,76.25,70.73,71.41,70.0,73.8,76.7,80.7,90.4,76.91,80.07,76.43,73.8,80.01,69.19
Djibouti,Climate Watch,Total including LUCF,All GHG,MtCO₂e,1.38,1.36,1.36,1.36,1.4,1.33,1.48,1.41,1.38,1.41,1.36,1.36,1.35,1.31,1.31,1.27,1.28,1.26,1.23,1.22,1.23,1.2,1.12,1.07,1.05,0.98,0.97,0.95,0.93,0.91
Dominica,Climate Watch,Total including LUCF,All GHG,MtCO₂e,0.22,0.22,0.22,0.23,0.24,0.24,0.23,0.31,0.24,0.24,0.56,0.24,0.24,0.22,0.21,0.2,0.19,0.17,0.21,0.25,0.24,0.25,0.25,0.24,0.26,0.26,0.26,0.26,0.24,0.24
Dominican Republic,Climate Watch,Total including LUCF,All GHG,MtCO₂e,39.76,37.64,35.47,36.22,35.35,32.92,32.57,32.8,31.99,30.84,29.49,30.0,29.85,28.65,26.73,25.41,26.12,28.45,26.02,19.91,19.21,18.61,16.67,14.99,14.08,13.57,11.59,11.1,9.62,8.51
Ecuador,Climate Watch,Total including LUCF,All GHG,MtCO₂e,98.7,98.83,97.66,98.96,91.16,92.63,90.98,87.93,88.04,99.41,95.84,92.32,90.6,90.92,88.43,86.67,82.56,81.42,81.76,84.69,85.4,88.26,89.94,88.05,83.97,81.49,78.3,76.71,74.22,73.52
Egypt,Climate Watch,Total including LUCF,All GHG,MtCO₂e,351.96,345.01,338.61,325.66,318.29,312.08,306.32,309.38,298.66,289.78,287.39,280.06,270.59,255.23,244.26,223.0,209.76,204.6,199.17,185.36,185.66,175.75,170.01,161.15,153.38,143.76,147.48,141.98,139.23,133.65
El Salvador,Climate Watch,Total including LUCF,All GHG,MtCO₂e,13.92,12.92,12.59,13.33,13.33,12.86,12.59,13.34,13.18,13.27,13.52,13.89,14.45,13.88,13.4,13.01,12.65,12.08,11.85,11.2,11.6,11.39,11.27,10.41,10.47,10.2,9.58,9.11,8.73,7.95
Equatorial Guinea,Climate Watch,Total including LUCF,All GHG,MtCO₂e,15.24,16.79,16.25,17.68,18.1,20.13,18.55,19.47,19.74,20.38,19.99,20.94,20.01,20.92,19.93,17.49,15.25,13.98,13.19,10.69,11.13,9.48,8.3,6.77,6.42,6.24,6.08,5.9,4.15,4.01
Eritrea,Climate Watch,Total including LUCF,All GHG,MtCO₂e,6.78,6.72,6.54,6.46,6.31,6.27,6.22,6.15,6.06,5.85,5.94,5.89,5.95,5.62,5.86,5.84,5.83,5.68,5.73,6.01,5.9,5.72,5.78,5.28,4.75,4.63,4.44,4.85,4.14,4.12
Estonia,Climate Watch,Total including LUCF,All GHG,MtCO₂e,14.83,19.98,21.37,20.62,12.21,14.6,15.95,13.51,14.75,20.48,16.44,19.87,21.43,17.37,18.59,18.44,18.28,16.29,16.7,16.24,16.58,17.41,17.9,18.36,17.5,19.13,20.07,25.92,33.85,37.73
Eswatini,Climate Watch,Total including LUCF,All GHG,MtCO₂e,2.69,2.55,2.51,2.43,2.34,2.36,2.36,2.28,2.24,2.23,2.2,2.26,2.39,2.2,2.31,2.26,2.24,2.13,2.07,2.29,2.29,2.27,2.17,2.04,2.12,2.07,2.01,2.19,2.12,2.06
Ethiopia,Climate Watch,Total including LUCF,All GHG,MtCO₂e,183.37,180.95,179.26,175.56,169.34,166.06,159.85,155.63,150.03,149.91,144.76,140.64,136.8,126.79,121.97,118.47,116.34,117.9,108.39,102.14,105.85,105.0,99.29,95.3,92.51,91.65,90.48,96.37,95.53,95.14
European Union (27),Climate Watch,Total including LUCF,All GHG,MtCO₂e,3149.57,3295.53,3379.38,3364.77,3019.49,2962.68,3109.55,3188.85,3250.07,3619.79,3540.97,3811.63,3903.15,3936.29,3935.61,3962.83,3960.54,3871.02,3884.4,3877.33,3874.4,3949.25,3983.29,4058.46,3947.64,3894.63,3908.95,3981.08,4120.94,4187.9
Fiji,Climate Watch,Total including LUCF,All GHG,MtCO₂e,-0.16,-0.24,-0.22,-0.41,-0.54,-0.66,-0.25,-0.37,-0.29,-0.24,-0.41,-0.41,-0.14,-0.03,-0.12,0.07,-0.38,-0.5,-0.33,-0.59,-0.63,-0.6,-0.56,-0.56,-0.6,-0.66,-0.71,-0.77,-0.81,-0.82
Finland,Climate Watch,Total including LUCF,All GHG,MtCO₂e,58.42,62.43,60.86,63.65,-0.28,3.2,7.24,6.46,12.1,59.98,51.8,55.43,63.52,65.35,53.93,66.11,69.97,61.78,59.34,38.2,39.51,40.18,43.79,45.69,39.23,43.21,36.56,35.32,38.43,38.54
France,Climate Watch,Total including LUCF,All GHG,MtCO₂e,352.1,360.76,374.26,371.62,372.12,366.68,400.17,399.26,395.62,406.15,402.2,419.99,426.0,432.73,442.6,441.29,443.12,437.95,444.92,481.14,482.75,491.96,475.91,485.26,465.53,456.82,462.52,481.51,496.09,471.02
Gabon,Climate Watch,Total including LUCF,All GHG,MtCO₂e,19.68,18.89,19.37,20.8,20.39,19.92,19.59,19.35,19.75,16.48,15.6,15.92,15.21,15.9,17.1,17.41,17.75,16.54,17.14,17.57,18.02,18.99,17.9,18.1,17.14,15.95,15.19,14.86,14.9,13.88
Gambia,Climate Watch,Total including LUCF,All GHG,MtCO₂e,2.86,2.66,2.8,2.77,2.88,2.72,2.58,2.51,2.43,2.74,2.7,2.34,2.2,2.14,2.06,2.19,2.28,2.38,2.6,3.13,3.49,3.56,3.83,4.15,4.49,4.96,5.43,5.31,5.2,5.04
Georgia,Climate Watch,Total including LUCF,All GHG,MtCO₂e,17.64,17.14,17.46,17.58,17.15,16.83,16.23,15.34,14.45,9.56,9.85,9.1,9.99,9.23,8.87,8.32,8.24,7.72,8.27,-4.02,-4.43,-4.18,-3.7,-2.88,-1.36,1.7,8.86,14.39,21.95,31.4
Germany,Climate Watch,Total including LUCF,All GHG,MtCO₂e,720.23,771.48,800.21,817.47,814.64,809.96,850.84,834.47,821.26,861.83,831.35,887.83,884.97,913.4,904.6,926.57,943.14,941.97,958.16,906.43,914.04,951.88,974.96,1012.11,982.02,986.38,995.96,1004.45,1049.84,1077.16
Ghana,Climate Watch,Total including LUCF,All GHG,MtCO₂e,12.75,10.94,9.3,7.24,61.02,59.55,60.02,57.97,55.38,69.81,68.02,66.85,67.09,66.85,65.64,63.4,64.55,64.05,62.8,28.4,28.05,29.28,25.69,24.38,23.49,23.14,22.8,22.58,22.05,21.97
Greece,Climate Watch,Total including LUCF,All GHG,MtCO₂e,79.91,85.45,88.18,88.57,89.85,91.59,94.67,102.34,107.33,107.16,113.88,120.66,124.63,121.1,122.76,120.67,121.03,117.7,117.31,116.94,111.13,110.23,106.03,104.96,103.87,99.44,96.82,96.46,94.38,94.31
Grenada,Climate Watch,Total including LUCF,All GHG,MtCO₂e,2.39,2.37,2.33,2.31,2.29,2.26,2.32,2.4,2.29,2.26,2.76,2.24,2.21,2.19,2.16,2.14,2.15,2.13,2.1,2.07,2.07,2.06,2.02,1.99,1.96,1.93,1.91,1.92,1.86,1.84
Guatemala,Climate Watch,Total including LUCF,All GHG,MtCO₂e,38.49,37.05,35.21,35.81,38.64,35.66,34.63,33.39,32.71,38.15,38.33,36.69,38.05,36.4,37.08,34.96,35.99,34.34,33.08,36.44,34.17,35.52,31.85,31.59,31.31,30.28,30.08,29.44,28.24,27.88
Guinea,Climate Watch,Total including LUCF,All GHG,MtCO₂e,40.61,38.9,38.6,38.1,34.28,33.68,33.18,33.14,31.83,30.45,28.19,27.72,27.12,26.76,26.43,24.95,24.93,24.71,23.54,22.57,22.14,22.58,21.11,20.68,21.23,20.83,20.41,20.05,19.73,19.41
Guinea-Bissau,Climate Watch,Total including LUCF,All GHG,MtCO₂e,4.21,4.18,4.09,4.12,4.34,4.1,4.0,4.24,3.82,3.9,3.76,3.69,3.93,3.93,3.64,3.69,3.68,3.59,3.45,3.28,3.58,3.23,3.01,2.97,3.32,3.29,3.27,3.24,3.2,3.19
Guyana,Climate Watch,Total including LUCF,All GHG,MtCO₂e,19.8,19.26,19.05,18.99,21.59,21.44,21.24,21.09,20.84,13.11,12.85,12.82,12.67,12.36,12.56,12.93,12.53,12.26,12.37,11.62,11.93,11.86,11.71,11.38,11.0,10.22,9.92,9.78,9.79,9.61
Haiti,Climate Watch,Total including LUCF,All GHG,MtCO₂e,11.13,11.03,11.02,11.0,10.74,10.38,9.96,9.67,9.91,9.01,8.45,8.4,8.37,7.95,7.89,7.79,7.91,7.87,7.57,7.39,6.91,6.77,6.62,6.22,5.92,5.14,5.65,6.02,5.61,5.4
Honduras,Climate Watch,Total including LUCF,All GHG,MtCO₂e,28.14,27.9,26.56,27.02,27.36,26.96,26.6,25.82,25.81,23.86,23.72,23.65,23.61,22.88,22.5,21.83,22.07,19.24,18.8,18.78,18.28,19.43,18.88,18.47,18.9,18.13,17.45,17.64,17.33,17.22
Hungary,Climate Watch,Total including LUCF,All GHG,MtCO₂e,62.48,62.9,62.81,60.78,59.82,56.89,56.59,58.95,62.83,64.51,64.55,70.39,71.77,73.95,74.66,75.35,76.52,73.79,75.44,72.54,75.52,74.74,74.82,76.51,74.3,75.99,76.26,75.79,85.68,90.72
Iceland,Climate Watch,Total including LUCF,All GHG,MtCO₂e,2.77,2.83,2.81,2.75,3.23,3.18,3.11,2.95,2.96,3.21,3.33,3.66,3.77,3.76,3.29,3.33,3.26,3.29,3.23,3.39,3.35,3.38,3.24,3.27,3.01,3.08,3.0,3.04,3.24,3.36
India,Climate Watch,Total including LUCF,All GHG,MtCO₂e,3363.6,3360.56,3215.07,3076.48,3003.07,2984.52,2804.34,2740.4,2584.75,2546.79,2438.92,2289.14,2191.17,2045.4,1948.11,1876.85,1787.88,1744.38,1725.86,1477.87,1440.38,1362.33,1331.88,1272.74,1223.65,1158.48,1114.22,1081.28,1056.25,1002.56
Indonesia,Climate Watch,Total including LUCF,All GHG,MtCO₂e,1959.71,1692.36,1447.22,1434.46,2067.75,2015.5,1638.39,1702.3,1683.13,1131.73,1487.25,1093.88,1107.1,1664.11,1245.04,1517.63,1168.0,1500.73,1018.47,1190.41,1258.63,1366.9,2134.8,1164.23,1339.1,1302.7,1282.35,1266.98,1246.27,1226.82
Iran,Climate Watch,Total including LUCF,All GHG,MtCO₂e,893.78,925.58,912.77,881.05,844.14,844.13,815.31,793.95,793.62,737.61,734.4,711.29,703.12,667.21,624.34,585.5,548.91,512.73,497.59,507.02,479.36,441.72,439.31,420.32,405.33,394.82,362.41,354.38,332.58,304.22
Iraq,Climate Watch,Total including LUCF,All GHG,MtCO₂e,321.31,304.03,293.1,277.35,254.02,242.06,241.89,228.27,202.12,188.62,172.64,161.56,142.94,146.39,145.73,150.56,129.35,155.36,169.02,160.7,143.44,153.6,162.5,128.94,130.4,132.16,116.1,88.75,62.79,120.15
Ireland,Climate Watch,Total including LUCF,All GHG,MtCO₂e,58.68,60.9,62.7,63.2,61.18,59.29,59.12,60.07,58.7,62.44,63.8,69.05,70.01,71.75,71.16,69.9,70.68,70.42,71.17,68.59,65.39,63.67,60.38,58.95,57.6,56.79,55.37,54.72,54.55,54.02
Israel,Climate Watch,Total including LUCF,All GHG,MtCO₂e,87.26,84.85,88.56,87.03,87.19,85.24,87.08,95.54,89.04,89.28,83.81,84.34,83.66,80.5,76.22,77.58,76.47,75.66,73.68,73.82,68.94,66.72,65.37,62.33,59.22,55.37,52.03,47.95,45.16,44.08
Italy,Climate Watch,Total including LUCF,All GHG,MtCO₂e,376.19,385.22,391.74,396.95,379.58,367.92,387.64,419.63,437.82,448.37,439.76,488.78,503.81,510.6,522.52,521.14,509.42,490.55,481.26,482.85,477.37,469.74,458.31,454.43,457.85,432.42,437.37,443.33,446.34,448.75
Jamaica,Climate Watch,Total including LUCF,All GHG,MtCO₂e,10.15,10.34,8.92,9.27,8.83,8.94,9.13,8.67,9.19,6.44,6.83,8.58,10.99,11.07,9.86,9.9,9.99,9.56,9.39,12.24,12.12,11.8,11.24,11.1,10.76,10.42,10.38,10.18,9.37,9.37
Japan,Climate Watch,Total including LUCF,All GHG,MtCO₂e,1134.45,1172.32,1214.59,1229.82,1220.73,1256.16,1298.56,1286.53,1243.96,1136.62,1078.7,1137.35,1204.37,1168.68,1190.09,1188.83,1197.12,1189.23,1156.68,1200.81,1184.1,1157.78,1204.17,1216.15,1201.33,1185.98,1128.24,1134.81,1121.71,1106.26
Jordan,Climate Watch,Total including LUCF,All GHG,MtCO₂e,36.57,36.21,37.07,35.26,34.96,34.49,32.34,32.02,28.46,27.52,27.78,27.04,27.78,26.28,25.48,23.96,22.35,21.77,20.98,20.88,20.31,21.24,22.04,22.52,23.29,23.66,22.56,21.83,19.08,18.63
Kazakhstan,Climate Watch,Total including LUCF,All GHG,MtCO₂e,271.68,275.56,276.98,256.53,240.36,258.97,307.67,293.4,295.59,289.06,269.68,298.68,252.1,240.32,221.29,207.53,191.19,180.86,154.41,156.18,157.25,172.21,171.67,194.83,220.5,249.23,270.26,306.06,304.02,295.96
Kenya,Climate Watch,Total including LUCF,All GHG,MtCO₂e,73.4,61.08,60.57,64.02,74.24,71.99,69.39,67.86,68.94,73.86,72.47,72.27,71.18,54.64,54.4,54.04,51.42,50.47,49.57,30.86,31.97,29.96,28.82,29.01,29.68,29.35,29.12,29.35,29.37,30.65
Kiribati,Climate Watch,Total including LUCF,All GHG,MtCO₂e,0.12,0.12,0.12,0.1,0.09,0.09,0.09,0.08,0.08,0.08,0.08,0.09,0.08,0.1,0.09,0.07,0.07,0.06,0.05,0.05,0.05,0.05,0.05,0.05,0.05,0.04,0.04,0.04,0.04,0.04
Kuwait,Climate Watch,Total including LUCF,All GHG,MtCO₂e,136.69,133.83,131.1,131.71,125.97,121.1,121.86,117.62,113.05,107.34,103.17,102.91,95.99,97.97,94.33,85.07,79.91,74.77,72.9,69.81,63.97,61.21,56.45,53.86,53.81,53.99,46.33,32.08,10.59,39.04
Kyrgyzstan,Climate Watch,Total including LUCF,All GHG,MtCO₂e,13.64,14.79,12.71,12.93,15.88,15.39,14.82,15.32,12.72,12.04,12.41,12.8,11.64,10.39,10.31,10.62,10.48,9.84,8.87,8.47,8.52,9.92,9.68,9.8,8.9,11.59,16.76,21.57,29.17,31.46
Laos,Climate Watch,Total including LUCF,All GHG,MtCO₂e,39.42,39.26,39.37,37.79,29.52,24.85,24.68,23.42,21.53,28.65,25.0,23.6,27.97,23.09,23.99,26.72,22.46,21.88,20.79,20.31,20.43,21.76,20.03,20.38,20.03,19.98,19.62,19.6,19.29,19.38
Latvia,Climate Watch,Total including LUCF,All GHG,MtCO₂e,8.93,9.1,8.56,8.62,8.89,8.84,8.92,9.0,9.2,-1.31,-2.46,-1.68,-1.36,-1.79,-2.33,-2.5,-2.59,-2.74,-2.78,-2.13,-1.44,-0.79,-0.37,0.2,0.21,1.88,4.85,8.03,10.7,12.42
Lebanon,Climate Watch,Total including LUCF,All GHG,MtCO₂e,35.13,34.6,35.85,33.97,32.81,30.66,28.47,28.5,25.85,25.26,26.15,22.69,18.89,19.96,20.9,21.48,20.92,20.23,20.25,18.93,20.1,19.12,18.76,16.54,15.5,13.2,12.26,8.85,8.79,7.29
Lesotho,Climate Watch,Total including LUCF,All GHG,MtCO₂e,2.53,2.53,2.52,2.36,2.34,2.3,2.32,2.44,2.38,2.31,2.3,2.21,2.27,2.2,2.26,2.09,2.15,2.09,2.27,2.29,2.37,1.91,1.92,1.94,1.99,2.06,2.09,2.12,1.96,1.96
Liberia,Climate Watch,Total including LUCF,All GHG,MtCO₂e,15.87,15.53,15.69,15.81,16.52,15.81,15.16,15.17,15.08,14.89,15.44,14.61,14.63,14.78,14.55,14.47,14.43,14.3,14.3,14.3,14.25,14.34,14.26,14.21,14.29,14.28,14.28,14.29,14.26,14.38
Libya,Climate Watch,Total including LUCF,All GHG,MtCO₂e,126.69,121.57,112.27,90.21,90.01,97.29,114.94,132.61,75.58,137.33,130.08,133.12,128.21,131.68,129.42,119.42,114.61,105.88,106.86,110.66,105.88,109.06,109.17,116.82,113.81,105.57,91.15,83.82,92.23,87.43
Liechtenstein,Climate Watch,Total including LUCF,All GHG,MtCO₂e,0.16,0.16,0.17,0.16,0.17,0.18,0.21,0.2,0.19,0.23,0.25,0.26,0.24,0.27,0.27,0.27,0.27,0.26,0.25,0.25,0.26,0.26,0.25,0.23,0.23,0.23,0.24,0.23,0.23,0.22
Lithuania,Climate Watch,Total including LUCF,All GHG,MtCO₂e,18.3,18.28,18.2,18.28,12.78,12.52,12.99,13.89,13.97,20.6,19.79,23.38,23.94,22.93,22.8,21.67,20.71,20.54,20.19,20.25,21.95,24.71,23.82,24.03,23.25,24.84,26.87,32.77,47.54,45.75
Luxembourg,Climate Watch,Total including LUCF,All GHG,MtCO₂e,10.2,10.03,9.73,9.57,9.88,10.4,10.9,11.43,11.66,11.52,10.93,11.52,11.59,12.18,12.38,12.15,10.69,10.28,9.49,8.88,8.26,7.87,8.54,9.04,8.96,11.1,11.95,11.74,12.04,11.55
Macedonia,Climate Watch,Total including LUCF,All GHG,MtCO₂e,11.26,10.36,10.88,10.36,10.42,10.67,11.07,11.96,12.49,11.57,11.72,12.42,12.64,12.14,12.13,11.77,11.99,11.15,11.76,11.74,12.04,12.95,12.21,13.36,11.82,12.19,12.66,12.65,13.2,13.9
Madagascar,Climate Watch,Total including LUCF,All GHG,MtCO₂e,40.22,39.67,39.59,40.4,39.48,38.7,38.84,39.93,39.22,51.25,50.59,49.57,50.83,49.38,50.76,46.64,47.75,45.26,47.63,55.54,56.83,57.13,55.93,56.55,55.92,55.42,55.66,55.27,55.01,54.98
Malawi,Climate Watch,Total including LUCF,All GHG,MtCO₂e,19.34,18.9,17.45,17.21,16.71,16.3,15.73,15.63,15.17,15.16,14.17,14.34,13.7,13.17,13.17,12.85,12.98,12.51,12.14,12.11,12.14,12.11,11.86,11.9,11.82,11.6,12.0,11.86,11.86,11.67
Malaysia,Climate Watch,Total including LUCF,All GHG,MtCO₂e,396.11,384.04,360.65,377.38,187.53,202.09,169.28,148.39,146.34,370.38,357.81,361.34,349.26,324.08,328.0,314.12,288.92,278.81,262.89,271.82,260.08,282.08,252.65,241.31,232.31,225.19,217.44,210.77,208.08,197.12
Maldives,Climate Watch,Total including LUCF,All GHG,MtCO₂e,2.6,2.54,2.25,2.1,1.66,1.63,1.37,1.36,1.2,1.12,1.07,1.01,1.0,1.0,0.83,0.85,0.63,0.71,0.58,0.55,0.51,0.39,0.41,0.35,0.32,0.26,0.26,0.28,0.21,0.2
Mali,Climate Watch,Total including LUCF,All GHG,MtCO₂e,44.16,42.31,40.98,39.99,35.55,34.15,33.6,32.3,31.7,30.85,28.61,28.24,26.79,25.84,25.5,24.59,22.32,21.57,21.34,24.16,23.89,22.86,18.86,18.11,17.88,17.55,17.31,17.11,17.08,17.14
Malta,Climate Watch,Total including LUCF,All GHG,MtCO₂e,2.13,2.04,2.02,1.88,2.18,2.86,2.84,3.17,2.99,3.0,2.9,3.09,3.15,3.06,2.98,2.93,2.92,2.62,2.78,2.41,2.68,2.64,2.73,2.58,2.63,2.76,3.06,2.41,2.43,2.53
Marshall Islands,Climate Watch,Total including LUCF,All GHG,MtCO₂e,0.23,0.23,0.23,0.22,0.19,0.19,0.18,0.18,0.18,0.18,0.17,0.17,0.18,0.17,0.17,0.16,0.15,0.15,0.14,0.13,0.13,0.13,0.12,0.12,0.12,0.12,0.11,0.11,0.03,0.03
Mauritania,Climate Watch,Total including LUCF,All GHG,MtCO₂e,13.21,12.7,12.3,12.11,13.53,12.59,12.1,12.02,11.49,11.42,10.97,9.99,10.84,10.74,10.05,10.07,9.99,9.92,9.78,9.59,9.2,8.69,8.31,8.0,7.48,7.35,7.46,7.24,7.4,7.17
Mauritius,Climate Watch,Total including LUCF,All GHG,MtCO₂e,6.83,6.72,6.7,6.51,6.38,6.33,6.13,6.0,5.84,5.87,5.6,5.6,5.49,5.35,4.92,4.74,4.71,4.52,4.5,4.29,3.84,3.32,3.04,2.93,2.76,2.7,2.63,2.47,2.38,2.28
Mexico,Climate Watch,Total including LUCF,All GHG,MtCO₂e,670.84,669.63,688.06,689.71,681.94,663.46,674.64,687.03,679.06,576.98,559.85,569.44,564.88,552.9,532.56,508.41,499.56,473.91,464.85,558.02,530.8,546.58,513.22,490.07,471.42,491.88,465.29,447.97,445.04,426.29
Micronesia,Climate Watch,Total including LUCF,All GHG,MtCO₂e,0.23,0.22,0.22,0.22,0.2,0.19,0.18,0.17,0.16,0.15,0.17,0.16,0.18,0.18,0.2,0.2,0.19,0.18,0.19,0.17,0.17,0.16,0.16,0.15,0.15,0.09,0.09,0.09,-0.02,0.01
Moldova,Climate Watch,Total including LUCF,All GHG,MtCO₂e,13.5,13.38,12.86,12.87,12.1,11.9,11.25,12.12,12.37,11.66,10.74,11.42,11.56,11.33,11.67,11.36,11.37,10.77,10.64,11.11,11.95,13.32,14.78,16.45,18.24,20.28,23.37,26.8,31.81,37.87
Mongolia,Climate Watch,Total including LUCF,All GHG,MtCO₂e,59.15,55.74,53.86,50.97,48.65,47.1,44.63,42.18,38.82,36.07,38.8,37.72,37.5,34.77,31.86,29.1,29.3,29.54,31.34,34.62,33.46,33.36,33.73,31.57,32.25,31.33,33.13,34.34,36.57,34.33
Montenegro,Climate Watch,Total including LUCF,All GHG,MtCO₂e,3.86,3.77,3.57,3.43,3.65,3.54,3.64,3.78,4.02,0.0,-0.72,0.36,-0.08,0.13,0.08,0.28,0.27,0.14,0.04,3.68,3.42,4.0,3.9,3.76,3.51,3.37,3.4,3.58,3.57,4.14
Morocco,Climate Watch,Total including LUCF,All GHG,MtCO₂e,91.15,84.87,83.05,78.33,80.02,77.8,76.6,76.11,74.31,66.26,62.83,62.8,60.32,59.57,57.6,54.59,49.98,50.0,48.47,44.56,43.48,41.31,40.4,38.49,37.83,37.13,34.02,34.33,33.23,31.91
Mozambique,Climate Watch,Total including LUCF,All GHG,MtCO₂e,106.74,111.15,106.73,108.02,97.3,98.99,99.31,97.64,93.08,103.31,94.75,100.17,95.13,94.09,95.34,90.53,91.33,86.37,86.29,68.88,71.06,72.22,69.16,71.41,85.6,85.36,85.07,84.35,83.69,83.42
Myanmar,Climate Watch,Total including LUCF,All GHG,MtCO₂e,242.95,240.11,234.67,221.94,228.5,222.16,214.56,212.03,203.37,232.86,227.87,217.73,230.63,221.37,216.65,225.23,212.15,200.54,201.76,222.35,225.43,220.31,214.0,216.32,218.72,215.57,212.93,210.26,207.52,208.11
Namibia,Climate Watch,Total including LUCF,All GHG,MtCO₂e,21.22,22.17,23.04,22.86,22.29,22.18,22.93,29.75,28.21,23.23,23.82,20.9,22.36,22.99,21.65,21.06,20.57,19.92,21.31,21.32,20.51,20.48,19.76,19.92,20.05,19.94,19.74,19.77,19.82,N/A
Nauru,Climate Watch,Total including LUCF,All GHG,MtCO₂e,0.07,0.07,0.07,0.07,0.06,0.06,0.05,0.05,0.04,0.05,0.05,0.05,0.05,0.05,0.08,0.07,0.07,0.08,0.09,0.09,0.1,0.1,0.11,0.11,0.11,0.12,0.12,0.12,0.13,0.13
Nepal,Climate Watch,Total including LUCF,All GHG,MtCO₂e,48.37,48.96,45.95,44.97,39.41,40.23,38.8,38.13,36.71,28.65,27.42,25.57,24.21,24.1,24.55,23.83,23.75,22.62,23.43,25.89,25.6,24.2,23.56,23.16,23.0,21.94,20.98,20.17,20.45,20.2
Netherlands,Climate Watch,Total including LUCF,All GHG,MtCO₂e,173.59,178.62,184.71,188.71,187.82,179.56,186.76,187.09,188.71,201.63,190.97,196.04,198.71,199.22,203.87,209.65,207.92,207.98,208.19,207.4,209.39,221.68,221.47,229.53,218.67,213.45,213.82,208.48,209.14,203.82
New Zealand,Climate Watch,Total including LUCF,All GHG,MtCO₂e,72.59,71.19,71.83,70.2,65.47,65.61,65.09,65.46,62.91,57.23,57.42,60.23,60.39,61.5,61.33,59.85,61.2,58.71,57.06,51.3,51.12,48.87,50.51,48.02,47.66,46.41,44.93,45.74,44.91,45.24
Nicaragua,Climate Watch,Total including LUCF,All GHG,MtCO₂e,38.41,37.87,37.8,38.05,29.28,28.36,27.42,27.16,26.8,38.31,37.93,37.88,37.99,37.83,37.65,37.18,37.71,36.55,36.09,31.99,31.43,30.87,29.91,29.08,29.06,29.68,29.37,28.7,27.8,29.16
Niger,Climate Watch,Total including LUCF,All GHG,MtCO₂e,43.96,42.06,40.22,38.79,37.08,35.87,34.17,32.4,30.36,29.34,29.23,27.89,26.67,25.48,24.55,23.65,22.78,21.88,21.09,24.83,24.31,23.72,22.78,22.12,21.37,20.79,20.29,19.63,19.14,18.68
Nigeria,Climate Watch,Total including LUCF,All GHG,MtCO₂e,354.33,345.7,340.02,335.84,325.43,331.28,321.55,307.78,304.25,293.77,268.87,282.6,276.61,285.92,298.02,293.44,293.2,273.79,289.5,293.25,282.05,293.97,310.65,320.13,294.62,290.32,295.34,298.58,283.9,267.92
Niue,Climate Watch,Total including LUCF,All GHG,MtCO₂e,0.01,0.01,0.01,0.01,0.01,0.0,0.0,0.0,0.0,0.01,0.01,0.01,0.01,0.01,0.01,0.01,0.01,0.01,0.01,0.01,0.01,0.01,0.01,0.01,0.01,0.01,0.01,0.01,0.01,0.01
North Korea,Climate Watch,Total including LUCF,All GHG,MtCO₂e,82.69,76.86,80.47,55.35,50.21,56.61,52.46,63.26,61.65,74.37,77.54,94.1,85.96,98.63,96.52,93.21,90.98,89.14,92.1,93.67,90.14,86.03,94.38,102.31,114.02,121.52,130.75,139.97,153.89,161.17
Norway,Climate Watch,Total including LUCF,All GHG,MtCO₂e,26.98,28.59,28.77,29.78,30.33,29.94,30.27,29.36,30.56,28.59,24.71,25.14,26.45,26.14,25.84,26.88,26.59,24.56,25.06,32.63,38.19,36.22,34.97,33.23,33.06,33.1,31.15,28.7,28.48,31.08
Oman,Climate Watch,Total including LUCF,All GHG,MtCO₂e,100.28,99.54,94.41,94.74,91.48,87.04,83.47,79.52,71.3,63.88,59.53,56.6,57.0,54.05,45.58,45.46,46.15,44.19,42.41,38.55,34.25,31.32,32.08,30.82,29.92,26.6,24.71,23.33,23.55,19.44
Pakistan,Climate Watch,Total including LUCF,All GHG,MtCO₂e,439.49,428.62,432.92,406.11,379.96,365.57,352.33,340.73,336.67,329.41,335.35,324.73,322.3,304.82,285.37,276.72,258.99,249.66,243.29,240.86,238.55,225.55,221.75,215.08,207.99,197.22,190.59,180.84,171.26,167.9
Palau,Climate Watch,Total including LUCF,All GHG,MtCO₂e,0.29,0.28,0.29,0.28,0.23,0.24,0.25,0.24,0.23,0.23,0.22,0.23,0.26,0.27,0.28,0.25,0.23,0.24,0.23,0.23,0.22,0.22,0.22,0.21,0.21,0.21,0.21,0.21,0.01,0.01
Panama,Climate Watch,Total including LUCF,All GHG,MtCO₂e,25.3,21.9,21.74,22.29,22.06,22.07,21.64,21.66,20.96,19.86,19.23,17.64,17.53,17.52,16.99,15.34,15.34,15.05,15.78,16.0,15.91,16.77,15.69,15.75,15.76,15.56,15.27,15.01,14.34,13.85
Papua New Guinea,Climate Watch,Total including LUCF,All GHG,MtCO₂e,63.47,63.62,63.11,63.03,62.33,59.67,58.1,56.92,56.23,48.18,48.18,48.09,48.96,49.16,49.4,50.57,49.11,49.12,48.32,48.4,47.02,45.88,59.44,44.89,45.47,41.95,41.07,40.01,38.96,37.96
Paraguay,Climate Watch,Total including LUCF,All GHG,MtCO₂e,96.6,94.62,96.46,93.51,114.67,114.27,112.43,110.84,109.62,96.54,94.06,92.02,93.92,90.67,90.51,89.16,91.31,89.59,89.37,73.27,77.91,74.8,74.67,73.5,73.58,71.61,71.65,71.46,72.17,75.18
Peru,Climate Watch,Total including LUCF,All GHG,MtCO₂e,190.66,187.8,187.47,189.98,186.12,184.4,180.65,178.76,178.45,150.21,145.51,141.38,136.45,132.47,133.05,131.45,127.39,127.46,125.53,122.42,121.81,117.59,116.73,115.78,112.07,107.16,104.78,103.71,103.05,104.15
Philippines,Climate Watch,Total including LUCF,All GHG,MtCO₂e,236.79,229.42,223.54,207.41,194.8,185.86,178.26,167.31,162.25,160.48,154.88,152.18,148.95,143.02,149.78,148.7,145.27,142.02,140.35,141.19,139.76,134.56,141.12,132.97,124.44,112.5,105.28,99.86,97.84,97.98
Poland,Climate Watch,Total including LUCF,All GHG,MtCO₂e,320.23,337.7,339.46,326.54,321.5,318.34,331.54,337.34,344.31,303.69,285.25,300.04,306.25,305.72,291.35,289.93,285.78,274.29,280.73,341.25,354.92,365.47,394.45,404.83,390.21,390.47,395.62,395.06,406.01,407.18
Portugal,Climate Watch,Total including LUCF,All GHG,MtCO₂e,61.7,66.75,71.85,66.88,66.72,62.61,63.02,64.7,66.4,68.68,74.08,74.87,77.13,78.52,83.78,80.7,78.82,83.66,78.64,80.24,80.72,74.02,68.82,66.5,68.09,64.33,62.42,63.51,59.47,57.74
Qatar,Climate Watch,Total including LUCF,All GHG,MtCO₂e,114.76,109.18,110.06,109.37,106.79,103.59,98.53,96.61,88.22,78.53,69.56,67.81,63.23,55.81,49.7,48.26,44.95,41.4,37.54,38.0,37.4,34.45,33.13,26.48,24.01,23.3,20.81,18.02,18.43,15.38
Republic of Congo,Climate Watch,Total including LUCF,All GHG,MtCO₂e,30.07,28.94,26.13,25.94,25.08,24.19,24.88,25.12,25.68,25.65,23.77,22.77,22.33,24.55,23.05,20.94,20.28,18.64,20.89,21.55,21.41,20.92,19.54,19.01,18.9,18.01,19.05,19.6,19.42,19.43
Romania,Climate Watch,Total including LUCF,All GHG,MtCO₂e,78.36,79.91,79.25,76.46,-184.27,-186.55,-185.86,-176.58,-174.27,103.54,106.4,122.18,124.2,126.55,122.97,123.55,125.19,120.27,123.19,121.63,117.65,133.45,149.46,161.04,157.38,151.83,155.93,166.73,186.41,224.74
Russia,Climate Watch,Total including LUCF,All GHG,MtCO₂e,1924.82,1868.15,1769.69,1733.91,1602.81,1621.85,1633.1,1674.58,1693.96,1521.96,1427.44,1570.09,1559.85,1553.64,1513.85,1491.42,1498.74,1422.39,1423.46,1812.87,1759.66,1725.07,1723.24,1874.95,1918.33,1995.87,2233.86,2428.18,2585.28,2648.36
Rwanda,Climate Watch,Total including LUCF,All GHG,MtCO₂e,7.0,6.91,6.8,6.74,6.83,6.18,6.15,6.0,5.87,6.87,6.62,6.51,6.33,6.12,5.85,5.74,5.61,5.41,5.31,5.38,5.35,5.16,5.01,4.88,4.73,4.95,5.08,5.15,5.2,5.21
Saint Kitts and Nevis,Climate Watch,Total including LUCF,All GHG,MtCO₂e,0.35,0.35,0.34,0.34,0.33,0.32,0.32,0.43,0.38,0.34,0.8,0.34,0.34,0.32,0.31,0.32,0.31,0.32,0.29,0.28,0.27,0.27,0.25,0.24,0.23,0.23,0.21,0.23,0.19,0.18
Saint Lucia,Climate Watch,Total including LUCF,All GHG,MtCO₂e,0.74,0.72,0.72,0.69,0.68,0.68,0.67,0.91,0.74,0.71,1.53,0.65,0.64,0.63,0.59,0.59,0.58,0.57,0.56,0.51,0.6,0.69,0.77,0.85,0.91,0.96,0.91,0.9,0.79,0.76
Saint Vincent and the Grenadines,Climate Watch,Total including LUCF,All GHG,MtCO₂e,0.34,0.34,0.31,0.34,0.33,0.35,0.31,0.44,0.35,0.33,0.97,0.34,0.35,0.33,0.33,0.32,0.31,0.31,0.28,0.2,0.22,0.23,0.19,0.18,0.18,0.17,0.15,0.15,0.11,0.11
Samoa,Climate Watch,Total including LUCF,All GHG,MtCO₂e,0.79,0.78,0.79,0.78,0.71,0.67,0.65,0.64,0.64,0.62,0.59,0.58,0.61,0.61,0.62,0.6,0.58,0.58,0.57,0.54,0.54,0.54,0.52,0.52,0.5,0.49,0.47,0.45,0.45,0.44
Sao Tome and Principe,Climate Watch,Total including LUCF,All GHG,MtCO₂e,0.4,0.39,0.39,0.38,0.37,0.37,0.37,0.36,0.34,0.14,0.13,0.12,0.11,0.11,0.11,0.1,0.1,0.09,0.08,0.08,0.08,0.08,0.07,0.07,0.07,0.07,0.07,0.07,0.07,0.07
Saudi Arabia,Climate Watch,Total including LUCF,All GHG,MtCO₂e,723.15,715.23,729.31,739.82,731.89,698.29,654.85,638.88,601.75,569.68,524.11,511.98,471.68,451.62,428.81,408.2,391.35,369.76,351.28,347.62,330.98,327.05,310.73,304.34,288.63,289.3,289.62,291.77,274.22,241.01
Senegal,Climate Watch,Total including LUCF,All GHG,MtCO₂e,33.6,32.33,31.93,31.79,29.82,28.9,28.36,27.18,27.61,28.54,27.5,27.03,26.09,25.94,25.53,24.81,22.68,23.37,23.91,24.78,24.81,22.62,21.42,20.93,19.69,19.41,19.09,18.84,18.4,18.1
Serbia,Climate Watch,Total including LUCF,All GHG,MtCO₂e,61.86,61.5,63.27,62.87,58.66,52.34,60.35,59.63,64.48,27.4,27.87,30.33,32.57,33.63,31.42,37.96,32.73,29.52,26.16,57.71,54.92,72.07,72.45,67.44,60.06,53.57,57.52,62.85,69.09,79.56
Seychelles,Climate Watch,Total including LUCF,All GHG,MtCO₂e,0.78,0.74,0.73,0.72,0.65,0.6,0.54,0.55,0.53,0.56,0.56,0.52,0.51,0.49,0.48,0.48,0.44,0.44,0.41,0.38,0.4,0.38,0.36,0.31,0.28,0.28,0.26,0.24,0.24,0.22
Sierra Leone,Climate Watch,Total including LUCF,All GHG,MtCO₂e,9.45,9.72,10.14,10.28,10.54,10.4,9.86,9.91,8.79,8.17,8.44,8.1,8.87,9.6,8.15,8.18,7.76,6.83,6.46,5.96,5.9,6.18,6.08,6.13,6.86,7.08,7.09,7.01,7.01,7.01
Singapore,Climate Watch,Total including LUCF,All GHG,MtCO₂e,67.26,66.56,67.59,63.81,62.33,60.61,59.45,58.56,58.96,55.9,52.16,51.62,51.33,50.07,49.63,52.36,50.88,54.0,54.74,54.82,49.97,48.75,49.41,49.32,47.93,46.62,43.09,36.63,34.0,30.86
Slovakia,Climate Watch,Total including LUCF,All GHG,MtCO₂e,37.0,38.81,39.37,37.44,30.04,29.61,32.25,31.59,33.95,34.66,33.13,36.77,36.74,37.7,38.14,37.31,38.0,37.74,38.19,36.55,39.17,40.63,41.77,41.91,41.9,41.32,44.0,46.63,49.16,57.24
Slovenia,Climate Watch,Total including LUCF,All GHG,MtCO₂e,16.81,17.32,17.45,17.26,13.48,13.38,14.88,15.51,16.12,7.29,6.99,8.97,7.99,8.02,7.69,7.44,7.23,7.27,7.19,8.38,8.58,9.24,9.5,9.03,8.23,7.4,7.35,6.61,6.89,7.9
Solomon Islands,Climate Watch,Total including LUCF,All GHG,MtCO₂e,46.36,46.33,46.3,46.27,-17.04,-17.02,-16.99,-17.04,-17.06,2.43,2.41,2.39,2.39,2.38,2.37,2.33,2.29,2.27,2.25,4.45,4.43,4.42,4.4,4.39,4.37,4.36,4.34,4.32,4.31,4.3
Somalia,Climate Watch,Total including LUCF,All GHG,MtCO₂e,42.51,42.8,42.84,43.01,43.12,43.06,42.92,42.8,42.5,42.34,42.14,42.11,42.09,43.19,44.46,44.02,43.72,43.49,43.1,42.55,42.38,42.31,42.47,42.08,41.64,40.98,39.04,37.06,39.0,41.89
South Africa,Climate Watch,Total including LUCF,All GHG,MtCO₂e,562.19,556.72,557.46,542.89,542.51,567.33,554.77,544.98,524.74,540.67,517.89,539.07,506.16,484.91,482.27,482.0,453.49,429.46,414.37,380.86,377.11,397.51,388.88,372.46,361.11,348.23,341.31,330.74,334.52,338.43
South Korea,Climate Watch,Total including LUCF,All GHG,MtCO₂e,652.66,669.7,662.63,648.88,633.4,612.48,622.99,622.55,619.12,585.4,533.37,519.43,506.54,496.62,488.31,492.96,469.04,461.26,468.7,469.57,411.56,373.64,438.91,412.98,384.86,351.89,323.65,291.96,266.53,238.32
South Sudan,Climate Watch,Total including LUCF,All GHG,MtCO₂e,60.33,67.14,64.25,66.77,63.08,62.57,60.64,59.76,74.6,78.26,79.04,76.95,75.93,71.94,72.94,69.63,67.14,64.26,60.36,65.31,62.91,59.52,54.21,49.29,45.11,44.32,42.32,40.4,37.97,37.09
Spain,Climate Watch,Total including LUCF,All GHG,MtCO₂e,293.08,311.0,318.4,301.85,317.43,306.84,308.14,334.52,340.89,330.13,345.31,382.06,415.37,399.09,405.09,390.45,374.33,365.33,348.63,326.92,309.6,285.01,275.57,254.12,260.74,247.01,234.11,248.91,239.06,232.97
Sri Lanka,Climate Watch,Total including LUCF,All GHG,MtCO₂e,37.9,35.61,36.38,35.79,33.89,30.0,27.22,29.77,28.22,27.23,25.97,26.81,26.56,25.64,27.22,25.28,25.14,23.96,23.07,25.45,26.21,26.79,29.28,31.27,31.37,31.25,30.47,30.16,28.39,28.54
Sudan,Climate Watch,Total including LUCF,All GHG,MtCO₂e,127.07,127.26,126.52,127.12,124.4,121.05,119.96,119.76,118.69,115.74,117.75,116.03,115.79,110.36,111.04,106.17,103.12,100.73,95.62,107.36,107.32,102.95,95.82,87.7,82.87,81.69,77.03,75.11,71.5,70.66
Suriname,Climate Watch,Total including LUCF,All GHG,MtCO₂e,13.83,13.27,13.63,14.08,12.71,12.6,12.19,12.34,11.86,7.32,6.99,6.85,6.66,6.77,6.82,6.64,6.29,6.06,6.6,6.18,6.89,6.83,6.77,6.79,6.68,6.56,6.52,6.58,6.47,6.11
Sweden,Climate Watch,Total including LUCF,All GHG,MtCO₂e,29.87,30.88,33.42,33.74,28.65,28.72,30.02,31.8,34.58,49.72,44.06,47.94,49.09,51.15,52.64,56.26,57.68,56.65,55.28,69.99,74.0,75.3,74.48,80.68,75.09,75.49,73.66,73.7,71.12,70.51
Switzerland,Climate Watch,Total including LUCF,All GHG,MtCO₂e,44.26,44.37,45.64,46.62,46.14,46.91,50.72,49.7,48.39,52.36,50.79,52.23,50.6,52.53,52.81,52.09,51.6,50.37,52.02,51.26,52.01,51.88,50.33,51.78,51.17,50.24,51.12,53.47,53.55,51.33
Syria,Climate Watch,Total including LUCF,All GHG,MtCO₂e,48.48,48.26,51.39,47.45,46.26,48.33,54.06,77.32,96.65,102.7,101.55,105.2,104.65,101.67,99.05,88.62,93.33,93.17,91.84,92.63,92.56,93.18,89.3,88.33,85.88,82.3,78.99,76.27,72.59,64.35
Tajikistan,Climate Watch,Total including LUCF,All GHG,MtCO₂e,17.38,16.5,15.13,13.73,12.02,11.42,9.88,9.46,8.66,8.44,8.35,8.67,8.29,7.58,7.09,7.02,6.47,6.32,6.29,6.65,7.02,7.51,7.59,7.35,8.0,8.61,11.12,13.98,17.01,17.9
Tanzania,Climate Watch,Total including LUCF,All GHG,MtCO₂e,154.89,151.98,152.72,153.6,142.55,136.29,135.57,133.67,129.05,127.25,124.18,122.02,119.4,117.28,122.53,116.56,117.4,109.07,103.58,98.85,101.45,101.34,97.12,97.46,104.12,99.96,99.22,98.6,98.48,98.2
Thailand,Climate Watch,Total including LUCF,All GHG,MtCO₂e,437.18,421.41,417.99,411.08,387.86,383.84,387.42,376.44,353.49,319.84,299.82,301.42,299.11,285.23,282.26,276.36,253.55,240.89,228.77,264.0,263.28,253.85,273.2,266.46,246.29,227.75,212.79,196.73,185.0,173.05
Timor-Leste,Climate Watch,Total including LUCF,All GHG,MtCO₂e,6.38,6.56,6.81,7.1,7.27,7.32,7.35,7.38,7.39,7.5,7.2,6.88,6.51,6.22,5.87,4.88,4.09,3.24,2.18,1.12,1.05,1.16,1.15,1.14,1.12,1.1,1.02,0.99,0.99,0.92
Togo,Climate Watch,Total including LUCF,All GHG,MtCO₂e,8.71,8.43,8.09,8.21,7.92,7.17,7.43,7.54,7.99,7.51,7.68,6.19,5.86,6.17,6.75,5.85,6.13,5.52,5.07,7.12,7.62,7.21,6.25,6.49,5.91,5.95,5.68,5.8,6.11,6.27
Tonga,Climate Watch,Total including LUCF,All GHG,MtCO₂e,0.31,0.31,0.33,0.3,0.26,0.26,0.26,0.25,0.25,0.26,0.28,0.26,0.26,0.28,0.27,0.26,0.26,0.23,0.23,0.23,0.25,0.24,0.24,0.24,0.26,0.26,0.26,0.25,0.26,0.25
Trinidad and Tobago,Climate Watch,Total including LUCF,All GHG,MtCO₂e,28.47,28.81,28.87,28.65,32.23,33.14,33.11,32.13,32.57,31.59,28.8,29.61,29.95,29.19,25.65,23.58,22.52,18.74,17.08,15.28,14.46,14.04,13.62,13.15,12.07,12.46,15.88,20.02,20.09,20.17
Tunisia,Climate Watch,Total including LUCF,All GHG,MtCO₂e,37.81,37.61,37.45,37.15,45.61,45.31,42.96,43.18,41.5,37.37,34.92,34.59,34.05,32.71,31.56,30.86,29.6,29.77,29.64,29.13,27.83,26.34,24.95,24.4,23.02,22.53,22.8,22.57,21.24,20.33
Turkey,Climate Watch,Total including LUCF,All GHG,MtCO₂e,459.86,470.65,472.27,430.35,372.37,365.03,339.78,348.92,333.37,327.48,317.49,314.43,317.29,287.68,258.46,246.0,239.99,228.49,218.22,266.14,242.2,242.32,241.1,232.11,214.4,199.89,204.73,198.44,190.95,188.5
Turkmenistan,Climate Watch,Total including LUCF,All GHG,MtCO₂e,157.33,154.97,152.51,152.94,155.08,151.33,151.15,144.42,136.68,116.62,104.87,131.74,126.4,117.37,115.59,112.66,105.86,93.87,89.5,88.76,74.69,60.89,59.67,69.43,73.25,72.48,79.66,72.9,103.32,111.39
Tuvalu,Climate Watch,Total including LUCF,All GHG,MtCO₂e,0.03,0.03,0.02,0.02,0.02,0.02,0.02,0.02,0.02,0.02,0.02,0.02,0.03,0.02,0.02,0.02,0.02,0.02,0.02,0.02,0.02,0.02,0.02,0.02,0.02,0.02,0.02,0.02,0.02,0.02
Uganda,Climate Watch,Total including LUCF,All GHG,MtCO₂e,59.15,58.68,57.15,56.13,54.91,52.95,51.88,51.97,50.34,50.36,48.68,47.92,41.4,38.81,40.18,38.19,38.08,36.12,35.11,35.46,35.63,35.93,34.56,33.08,32.15,31.33,31.67,31.34,31.0,30.34
Ukraine,Climate Watch,Total including LUCF,All GHG,MtCO₂e,221.29,232.76,221.2,247.28,233.56,282.98,317.11,321.75,329.07,303.06,283.1,338.19,349.31,340.19,333.05,346.11,372.22,347.4,342.82,317.3,328.29,334.86,362.84,386.88,447.55,471.12,560.95,644.43,733.77,776.11
United Arab Emirates,Climate Watch,Total including LUCF,All GHG,MtCO₂e,243.55,229.38,248.69,252.92,245.22,231.8,230.89,219.59,207.49,201.89,194.38,194.02,168.25,157.12,150.1,141.21,133.42,125.4,123.08,109.02,108.83,106.99,104.95,101.71,97.34,92.2,83.62,79.19,81.07,73.25
United Kingdom,Climate Watch,Total including LUCF,All GHG,MtCO₂e,429.13,442.48,450.65,465.58,487.0,502.35,541.85,559.23,539.08,580.39,567.88,623.87,644.25,659.56,663.04,668.94,674.12,665.2,683.35,673.09,670.94,694.89,697.17,717.08,695.56,703.47,706.27,724.82,742.68,733.87
United States,Climate Watch,Total including LUCF,All GHG,MtCO₂e,5771.0,5892.37,5689.61,5743.85,5665.21,5779.54,5734.28,5593.25,5811.96,6026.14,5757.6,6184.08,6367.28,6260.2,6352.14,6331.91,6245.34,6182.64,6335.1,6372.54,6210.12,6208.83,6160.86,5901.0,5729.69,5661.57,5567.55,5456.12,5372.08,5417.32
Uruguay,Climate Watch,Total including LUCF,All GHG,MtCO₂e,34.36,34.47,34.57,35.33,29.87,30.03,30.54,31.53,30.67,26.03,28.43,28.88,26.3,27.34,25.21,25.04,23.13,22.24,21.93,19.07,20.94,19.88,20.29,20.58,19.25,19.05,19.16,18.63,17.02,15.41
Uzbekistan,Climate Watch,Total including LUCF,All GHG,MtCO₂e,185.39,180.45,172.94,167.53,157.91,162.99,170.72,171.9,187.16,175.52,163.64,176.45,167.15,171.71,160.98,166.14,162.44,170.57,164.22,172.29,164.9,164.64,147.77,143.71,142.41,154.05,157.87,155.29,165.77,164.44
Vanuatu,Climate Watch,Total including LUCF,All GHG,MtCO₂e,0.87,0.86,0.82,0.82,0.77,0.79,0.73,0.73,0.73,0.71,0.69,0.7,0.7,0.58,0.57,0.56,0.57,0.55,0.55,0.57,0.59,0.58,0.58,0.58,0.56,0.55,0.55,0.52,0.5,0.48
Venezuela,Climate Watch,Total including LUCF,All GHG,MtCO₂e,299.6,337.05,363.75,393.2,479.92,502.49,505.11,502.83,466.48,448.86,440.83,449.49,437.43,442.27,442.96,429.08,413.7,425.02,429.42,483.44,469.51,488.46,481.25,464.23,442.06,421.76,418.23,409.38,406.89,396.96
Vietnam,Climate Watch,Total including LUCF,All GHG,MtCO₂e,438.11,386.8,330.0,323.08,311.63,270.66,256.19,241.58,240.18,276.95,258.24,235.76,226.29,212.04,208.13,198.75,178.87,173.7,157.69,63.44,55.9,52.13,40.91,33.39,25.92,18.39,13.52,8.27,5.84,2.12
World,Climate Watch,Total including LUCF,All GHG,MtCO₂e,49758.23,49368.04,48251.88,47531.68,46871.77,46881.78,46238.61,45597.14,45041.81,44877.51,43089.45,43139.1,42858.96,42072.13,40569.33,39655.31,37803.86,36839.69,35884.07,35835.48,35101.9,35099.21,35537.18,34179.33,33805.61,33015.04,32729.06,32588.09,32670.51,32523.58
Yemen,Climate Watch,Total including LUCF,All GHG,MtCO₂e,25.26,23.86,23.84,23.9,29.46,52.32,54.09,44.5,48.94,52.17,49.56,46.36,46.6,45.86,44.57,42.24,41.8,38.23,38.15,36.86,33.89,31.16,29.9,28.13,27.48,26.31,21.45,20.11,19.55,17.8
Zambia,Climate Watch,Total including LUCF,All GHG,MtCO₂e,91.36,90.12,90.9,90.8,91.79,86.78,86.31,85.15,81.37,67.22,61.07,64.46,62.14,59.54,64.21,61.63,61.12,55.45,52.28,46.59,50.05,51.69,50.44,49.94,58.68,58.9,59.62,60.06,59.91,59.54
Zimbabwe,Climate Watch,Total including LUCF,All GHG,MtCO₂e,117.96,118.22,115.59,115.92,42.3,40.39,42.17,42.29,42.18,39.54,36.77,35.8,37.74,37.2,38.27,37.54,37.46,39.91,42.67,41.58,44.46,42.12,40.83,41.71,39.8,39.98,40.25,43.81,42.98,42.69
